{
    "Hips": [
        0.0,
        0.018628,
        2.8e-05
    ],
    "Spine": [
        0.0,
        0.017879,
        0.052688
    ],
    "Spine1": [
        0.0,
        0.017006,
        0.114125
    ],
    "Spine2": [
        0.0,
        0.016007999999999998,
        0.184339
    ],
    "Neck": [
        0.0,
        0.014884999999999999,
        0.263329
    ],
    "Head": [
        0.0,
        0.015189999999999999,
        0.27880099999999997
    ],
    "LeftShoulder": [
        0.023707,
        0.014986,
        0.25671299999999997
    ],
    "LeftArm": [
        0.070662,
        0.015186999999999999,
        0.24350599999999997
    ],
    "LeftForeArm": [
        0.214429,
        0.014446999999999998,
        0.246215
    ],
    "LeftHand": [
        0.320883,
        0.018341,
        0.25052399999999997
    ],
    "RightShoulder": [
        -0.023707,
        0.014783999999999999,
        0.25671299999999997
    ],
    "RightArm": [
        -0.070662,
        0.014582999999999999,
        0.24350599999999997
    ],
    "RightForeArm": [
        -0.214429,
        0.014228999999999999,
        0.246215
    ],
    "RightHand": [
        -0.320883,
        0.019115,
        0.25052399999999997
    ],
    "LeftUpLeg": [
        0.048208,
        0.013020999999999998,
        -0.029238
    ],
    "LeftLeg": [
        0.054731,
        0.007866999999999999,
        -0.23800800000000003
    ],
    "LeftFoot": [
        0.07116900000000001,
        0.026549,
        -0.46237800000000007
    ],
    "LeftToeBase": [
        0.09854,
        -0.035205,
        -0.4942370000000001
    ],
    "RightUpLeg": [
        -0.048208,
        0.029313,
        -0.029238
    ],
    "RightLeg": [
        -0.054731,
        0.01646,
        -0.23800800000000003
    ],
    "RightFoot": [
        -0.07116900000000001,
        0.024817,
        -0.46237800000000007
    ],
    "RightToeBase": [
        -0.09854,
        -0.03735,
        -0.4942370000000001
    ]
}