{
    "Hips": [
        0.002733,
        0.01739,
        0.032386
    ],
    "Spine": [
        0.002733,
        0.021162999999999998,
        0.090033
    ],
    "Spine1": [
        0.002733,
        0.025564999999999997,
        0.15728799999999998
    ],
    "Spine2": [
        0.002733,
        0.030595999999999998,
        0.234151
    ],
    "Neck": [
        0.002733,
        0.036256,
        0.32062199999999996
    ],
    "Head": [
        0.002733,
        0.030309,
        0.338249
    ],
    "LeftShoulder": [
        0.036913,
        0.036445,
        0.31165299999999996
    ],
    "LeftArm": [
        0.100153,
        0.036822999999999995,
        0.294466
    ],
    "LeftForeArm": [
        0.23019599999999998,
        0.041466,
        0.278369
    ],
    "LeftHand": [
        0.359405,
        0.038203,
        0.28355699999999995
    ],
    "RightShoulder": [
        -0.031447,
        0.036067,
        0.31165299999999996
    ],
    "RightArm": [
        -0.09468700000000001,
        0.035689,
        0.294466
    ],
    "RightForeArm": [
        -0.22472999999999996,
        0.040475,
        0.278369
    ],
    "RightHand": [
        -0.353939,
        0.038543999999999995,
        0.28355699999999995
    ],
    "LeftUpLeg": [
        0.061536,
        0.019469999999999998,
        0.0013059999999999981
    ],
    "LeftLeg": [
        0.055654,
        0.02738,
        -0.23069000000000003
    ],
    "LeftFoot": [
        0.065432,
        0.04489,
        -0.42145299999999997
    ],
    "LeftToeBase": [
        0.098643,
        -0.032468,
        -0.48716099999999996
    ],
    "RightUpLeg": [
        -0.05607,
        0.018085999999999998,
        0.0013059999999999981
    ],
    "RightLeg": [
        -0.050188,
        0.030156000000000002,
        -0.23069000000000003
    ],
    "RightFoot": [
        -0.059966000000000005,
        0.045239,
        -0.42145299999999997
    ],
    "RightToeBase": [
        -0.093177,
        -0.032711000000000004,
        -0.48716099999999996
    ]
}