{
    "Hips": [
        0.0,
        -0.097875,
        -0.08862
    ],
    "Spine": [
        0.0,
        -0.09434100000000001,
        -0.022843000000000002
    ],
    "Spine1": [
        0.0,
        -0.090218,
        0.053896
    ],
    "Spine2": [
        0.0,
        -0.085506,
        0.141598
    ],
    "Neck": [
        0.0,
        -0.080205,
        0.24026300000000003
    ],
    "Head": [
        0.0,
        -0.09087200000000001,
        0.260351
    ],
    "LeftShoulder": [
        0.043241,
        -0.08018800000000001,
        0.228513
    ],
    "LeftArm": [
        0.129576,
        -0.080153,
        0.20475400000000002
    ],
    "LeftForeArm": [
        0.23558300000000001,
        -0.07354200000000001,
        0.189005
    ],
    "LeftHand": [
        0.365363,
        -0.100056,
        0.18279800000000004
    ],
    "RightShoulder": [
        -0.043241,
        -0.080222,
        0.228513
    ],
    "RightArm": [
        -0.129576,
        -0.08025700000000001,
        0.20475400000000002
    ],
    "RightForeArm": [
        -0.23558300000000001,
        -0.072719,
        0.189005
    ],
    "RightHand": [
        -0.365363,
        -0.100874,
        0.18279800000000004
    ],
    "LeftUpLeg": [
        0.059776,
        -0.090919,
        -0.125149
    ],
    "LeftLeg": [
        0.055176,
        -0.07255800000000001,
        -0.29317000000000004
    ],
    "LeftFoot": [
        0.054874000000000006,
        -0.062376,
        -0.40377699999999994
    ],
    "LeftToeBase": [
        0.088442,
        -0.144625,
        -0.4588519999999999
    ],
    "RightUpLeg": [
        -0.059776,
        -0.08951400000000001,
        -0.125149
    ],
    "RightLeg": [
        -0.055176,
        -0.0691,
        -0.29317000000000004
    ],
    "RightFoot": [
        -0.054875,
        -0.062324000000000004,
        -0.40377699999999994
    ],
    "RightToeBase": [
        -0.088443,
        -0.149145,
        -0.45885
    ]
}