{
    "Hips": [
        0.0,
        0.022326,
        -0.003015
    ],
    "Spine": [
        0.0,
        0.027011,
        0.059376000000000005
    ],
    "Spine1": [
        0.0,
        0.032477,
        0.13216500000000003
    ],
    "Spine2": [
        0.0,
        0.038724,
        0.21535300000000002
    ],
    "Neck": [
        0.0,
        0.045752,
        0.30893899999999996
    ],
    "Head": [
        0.0,
        0.034834,
        0.32594999999999996
    ],
    "LeftShoulder": [
        0.036008,
        0.045775,
        0.30146300000000004
    ],
    "LeftArm": [
        0.10788199999999999,
        0.045821,
        0.284755
    ],
    "LeftForeArm": [
        0.24069799999999997,
        0.047799,
        0.289038
    ],
    "LeftHand": [
        0.36091399999999996,
        0.045746,
        0.28490800000000005
    ],
    "RightShoulder": [
        -0.036008,
        0.045729,
        0.30146300000000004
    ],
    "RightArm": [
        -0.10788199999999999,
        0.045683,
        0.284755
    ],
    "RightForeArm": [
        -0.240697,
        0.048861,
        0.289038
    ],
    "RightHand": [
        -0.360913,
        0.045825,
        0.28490800000000005
    ],
    "LeftUpLeg": [
        0.046468,
        0.026545,
        -0.037669999999999995
    ],
    "LeftLeg": [
        0.057918000000000004,
        0.033677,
        -0.231865
    ],
    "LeftFoot": [
        0.070986,
        0.047299,
        -0.424058
    ],
    "LeftToeBase": [
        0.09575600000000001,
        -0.026715999999999997,
        -0.495149
    ],
    "RightUpLeg": [
        -0.046468,
        0.025956999999999997,
        -0.037669999999999995
    ],
    "RightLeg": [
        -0.057918000000000004,
        0.033214,
        -0.231865
    ],
    "RightFoot": [
        -0.070986,
        0.046286999999999995,
        -0.424058
    ],
    "RightToeBase": [
        -0.09575600000000001,
        -0.026500000000000003,
        -0.495149
    ]
}