{
    "Hips": [
        0.001025,
        0.010246,
        -0.018386
    ],
    "Spine": [
        0.001025,
        0.013558,
        0.04205
    ],
    "Spine1": [
        0.001025,
        0.017422,
        0.112559
    ],
    "Spine2": [
        0.001025,
        0.021837999999999996,
        0.19313999999999998
    ],
    "Neck": [
        0.001025,
        0.026805999999999996,
        0.283794
    ],
    "Head": [
        0.001025,
        0.021214999999999998,
        0.31159899999999996
    ],
    "LeftShoulder": [
        0.032894,
        0.026754,
        0.272788
    ],
    "LeftArm": [
        0.09809799999999999,
        0.02665,
        0.25173399999999996
    ],
    "LeftForeArm": [
        0.23265300000000003,
        0.03337,
        0.24889299999999998
    ],
    "LeftHand": [
        0.37225899999999995,
        0.017598,
        0.24996799999999997
    ],
    "RightShoulder": [
        -0.030844,
        0.026858,
        0.272788
    ],
    "RightArm": [
        -0.096048,
        0.026962,
        0.25173399999999996
    ],
    "RightForeArm": [
        -0.23060300000000003,
        0.033116,
        0.24889299999999998
    ],
    "RightHand": [
        -0.37020899999999995,
        0.018464999999999995,
        0.24996799999999997
    ],
    "LeftUpLeg": [
        0.054966999999999995,
        0.014623,
        -0.051932
    ],
    "LeftLeg": [
        0.06518299999999999,
        0.024214,
        -0.262554
    ],
    "LeftFoot": [
        0.06735,
        0.040218,
        -0.42704800000000004
    ],
    "LeftToeBase": [
        0.08577699999999999,
        -0.029126,
        -0.489806
    ],
    "RightUpLeg": [
        -0.052917,
        0.014832999999999999,
        -0.051932
    ],
    "RightLeg": [
        -0.063133,
        0.023231,
        -0.262554
    ],
    "RightFoot": [
        -0.0653,
        0.040559,
        -0.42704800000000004
    ],
    "RightToeBase": [
        -0.083727,
        -0.030851000000000003,
        -0.48980700000000005
    ]
}