{
    "Hips": [
        0.0,
        0.00937,
        0.025527
    ],
    "Spine": [
        0.0,
        0.013409,
        0.08158699999999999
    ],
    "Spine1": [
        0.0,
        0.018120999999999998,
        0.14699
    ],
    "Spine2": [
        0.0,
        0.023506,
        0.22173600000000002
    ],
    "Neck": [
        0.0,
        0.029564,
        0.305825
    ],
    "Head": [
        0.0,
        0.020624,
        0.34235000000000004
    ],
    "LeftShoulder": [
        0.034216,
        0.02962,
        0.29839000000000004
    ],
    "LeftArm": [
        0.103293,
        0.02973,
        0.28428000000000003
    ],
    "LeftForeArm": [
        0.241694,
        0.033196,
        0.27293500000000004
    ],
    "LeftHand": [
        0.359086,
        0.026057,
        0.274305
    ],
    "RightShoulder": [
        -0.034216,
        0.029509,
        0.29839000000000004
    ],
    "RightArm": [
        -0.103293,
        0.029399,
        0.28428000000000003
    ],
    "RightForeArm": [
        -0.241694,
        0.033007,
        0.27293500000000004
    ],
    "RightHand": [
        -0.359086,
        0.026198000000000003,
        0.274305
    ],
    "LeftUpLeg": [
        0.062191,
        0.005991,
        -0.005645999999999998
    ],
    "LeftLeg": [
        0.06465900000000001,
        0.009572,
        -0.24167000000000002
    ],
    "LeftFoot": [
        0.06782400000000001,
        0.031052,
        -0.436699
    ],
    "LeftToeBase": [
        0.078319,
        -0.033601000000000006,
        -0.490968
    ],
    "RightUpLeg": [
        -0.062191,
        0.006109,
        -0.005645999999999998
    ],
    "RightLeg": [
        -0.06465900000000001,
        0.009766,
        -0.24167000000000002
    ],
    "RightFoot": [
        -0.06782400000000001,
        0.030481,
        -0.436699
    ],
    "RightToeBase": [
        -0.078319,
        -0.03489400000000001,
        -0.490968
    ]
}